Dataset,Regularisation,Best C,Accuracy,Precision,Recall,F1,PR-AUC
D1,L1 (Lasso),100.0,1.0,1.0,1.0,1.0,1.0
D1,L2 (Ridge),100.0,1.0,1.0,1.0,1.0,1.0
D1,Elastic Net,100.0,1.0,1.0,1.0,1.0,1.0
D2,L1 (Lasso),100.0,0.97,0.9596,0.95,0.9548,0.9895
D2,L2 (Ridge),100.0,0.9633,0.9435,0.9467,0.9451,0.9885
D2,Elastic Net,100.0,0.96,0.94,0.94,0.94,0.9883
D3,L1 (Lasso),100.0,0.972,0.93,0.93,0.93,0.9806
D3,L2 (Ridge),100.0,0.9713,0.9356,0.92,0.9277,0.9775
D3,Elastic Net,100.0,0.9727,0.939,0.9233,0.9311,0.9789
